Designation,Company Name,Salary,Experience,Location,Role,Skills,Qualification,Industry Type,Functional Area,Employment Type,Role Category,Address,Post By,Post Date,Website,Url,Job Description,About Company
"Job | Job Openings For C++ developer - Chennai, Bangalore",Automotive Robotics (ARI)3.9(103 Reviews),"₹ 6,50,000 - 11,00,000 P.A. ",3 - 7 years,"Hyderabad/Secunderabad,Pune,Chennai,Bangalore/Bengaluru","Software Development - Other,","C++,C++ developer","['UG :B.Tech/B.E. in Any Specialization, Any Graduate', 'PG :Any Postgraduate']","IT Services & Consulting,","Engineering - Software & QA,","Full Time, Permanent",Software Development,"Address6th Floor, Block No.1, My Home Hub,, Madhapur, Hyderabad, Hyderabad, Telangana, 500081, Hyderabad, Telangana, India",Rajapriya RCompany Recruiter at AUTOMOTIVE ROBOTICS (INDIA) PRIVATE LIMITED, Just now,https://www.naukri.com/automotive-robotics-ari-jobs-careers-503663?src=jddesktop,https://www.naukri.com/automotive-robotics-ari-jobs-careers-503663?src=jddesktop,"Job descriptionGreetings from Automotive Robotics India!!!Website -  www.ariglobalsolutions.com  We are looking for /C++ with Linux with 3 - 6 yrs of experience Skills preferred: C++ , LINUX * Experience in C++*Data structures, TCP or UDP socket programming, Multithreading C++* Familiarity with Linux Operating Systems (Ubuntu)* Design Patterns* Must have good communication skills both written and oral* Must have good presentation skills* Able to achieve organizational goals with required supervision* Understand the escalation process Short Notice period is highly preferable.If interested, kindly share the updated resume to rrajasekar@arigs.comRoleSoftware Development - Other,Industry TypeIT Services & Consulting,Functional AreaEngineering - Software & QA,Employment TypeFull Time, PermanentRole CategorySoftware DevelopmentEducationUG :B.Tech/B.E. in Any Specialization, Any GraduatePG :Any PostgraduateKey SkillsC++C++ developerSkills highlighted with ‘‘ are preferred keyskills","ARi is a leading provider of integrated engineering solutions and a market leader in engine and powertrain testing. We partner with top OEMs in Off Highway, as well as some of today€™s industry leaders in Automotive, Aerospace and Industrial Manufacturing.Anchored by our four disciplines in systems, design, controls and testing, ARi€™s power of €i€ represents the innovation, intelligence, ingenuity and insight that differentiates us from our competition. Powered by the strength of our people, process and technology, market leaders turn to ARi to cost effectively deliver complex solutions to their most challenging requirements.Today ARi employs over 800 engineers world-wide, representing multiple nationalities and countries with office locations in North America and India."
C++ Developer,Parkar Consulting & Labs3.1(13 Reviews),Not Disclosed,4 - 5 years,"Pune,Ahmedabad","Other,","IT services,SAN,C++,PDF,SOC,SMS,Healthcare,MFC,WPF,CRM","['UG :Any Graduate', 'PG :Any Postgraduate']","IT Services & Consulting,","Other,","Full Time, Permanent",Other,Websitehttps://parkardigital.zohorecruit.com/jobs/Careers/620109000005065001/C-Developer?source=CareerSite,NA, 1 day ago,https://www.naukri.com/parkar-consulting-labs-jobs-careers-3111762?src=jddesktop,https://www.naukri.com/parkar-consulting-labs-jobs-careers-3111762?src=jddesktop,"Job description       Programming to deliver high quality software applications.          Responsible for the quality and completeness of assignments, including development, bug fixing, documentation, and general product maintenance.           Taking technical ownership of own deliveries.           Should adhere to delivery schedules.           Strong work ethics and positive attitude to learn new things.          Requirements      Experience with C++ and managed C++/CLI.       Should also have Experience in MFC framework.       Should have hand on Experience in WPF.       Detailed knowledge of Multi threading, Kernel Objects, and Inter Process Communication (IPC).       RoleOther,Industry TypeIT Services & Consulting,Functional AreaOther,Employment TypeFull Time, PermanentRole CategoryOtherEducationUG :Any GraduatePG :Any PostgraduateKey SkillsIT servicesSANC++PDFSOCSMSHealthcareMFCWPFCRM","Parkar Consulting Group offers a full suite of Product Engineering, Cloud Computing, Analytics and Digital Transformation solutions to help our clients solve some of their most complex and interesting business challenges."
C/C++ Developer,Fujitsu4.1(1108 Reviews),Not Disclosed,5 - 10 years,Pune,"Other,","C,C developer",['UG :Any Graduate'],"IT Services & Consulting,","Other,","Full Time, Permanent",Other,"AddressA-15, MIDC Technology Park, PUNE, Maharashtra, India",Aditya GautamAssociate HR Adviser at Fujitsu Consulting India Pvt. Ltd., 1 day ago,https://www.naukri.com/fujitsu-jobs-careers-65013?src=jddesktop,https://www.naukri.com/fujitsu-jobs-careers-65013?src=jddesktop,"Job description Please find the job description below,Role :: Associate Application Developer1.Solid understanding of OOPs concepts. 2.Willing to take efforts to advance in the technology or learn new technologies. 3.Good communication skills and a continuous learner. 4.Experience working on waterfall or Agile (Agile model preferred)5.Experience working on C (database and/or embedded)Location :: PuneIf you are interested kindly fill the following details and drop mail to priya.jagadale@fujitsu.com along with Resume to schedule Further rounds:Name:Mob No:Email id:Current Location:Interested to Pune location(Yes/No):Total Exp:Relevant Exp:Current CTC:Expected CTC:Notice Period:Current Company:Availability for Interview:Regards,Fujitsu HRRoleOther,Industry TypeIT Services & Consulting,Functional AreaOther,Employment TypeFull Time, PermanentRole CategoryOtherEducationUG :Any GraduateKey SkillsCC developer","Fujitsu Consulting India Pvt. Ltd.Fujitsu is the leading Japanese information and communication technology (ICT) company, offering a full range of technology products, solutions, and services. Approximately 155,000 Fujitsu people support customers in more than 100 countries. We use our experience and the power of ICT to shape the future of society with our customers. Fujitsu Limited (TSE: 6702) reported consolidated revenues of 4.5 trillion yen (US $40 billion) for the fiscal year ended March 31, 2017. For more information, please see http://www.fujitsu.com.Did You Know?Fujitsu is the world€™s fifth-largest IT services provider and No.1 in Japan.Fujitsu is among the world€™s top five providers of servers.FORTUNE named Fujitsu as one of the World€™s Most Admired Companies in 2013.Fujitsu Group holds about 97,000 patents worldwide.Fujitsu is part of the Dow Jones Sustainability Indexes (World), FTSE4Good Index Series, and Oekom research.Newsweek ranks us as the seventeenth most eco-conscious company in the world. (Newsweek€™s Green Rankings).Why Fujitsu? - Our Japanese heritage and a culture of applying the Sense and Respond approach to understand the client's problem and respond in a flexible, reliable way- Measurable business benefit: every change we make is focused on the value it adds to the business- Close collaboration: we quickly determine your business' critical applications requirements, then apply the insights and expertise that have made us a market leader in IT Infrastructure provision- We can take your applications to the cloud: we deliver application solutions into the Enterprise Cloud underpinned by Iaas; our secure, reliable, high-performance cloud computing service- Our global reach enables us to deliver IT services around the world and is underpinned by one of the largest global IT infrastructures- Global Delivery Centers support our clients in more than 20 languages and with a local presence in 70 countries- Innovative services to support your organization's unique and complex IT challenges"
C/C++ Developer,Netscout Systems Software India Private Limited4.2(20 Reviews),Not Disclosed,1 - 4 years,"Pune,Bangalore/Bengaluru","Other,","algorithms,c++,C,data structures,multithreading,coding,design patterns,OOPS,Race conditions,Deadlocks",['UG :Any Graduate'],"Software Product,","Other,","Full Time, Permanent",Other,Websitehttps://www.netscout.com/,NA, 1 day ago,https://www.naukri.com/netscout-systems-india-jobs-careers-123520291?src=jddesktop,https://www.naukri.com/netscout-systems-india-jobs-careers-123520291?src=jddesktop,"Job description Developer Duties and Responsibilities:Design, build and maintain efficient, reusable and reliable      code Implement optimized and high-quality modulesIdentify process bottlenecks and bugsSuggest and implement solutions to problemsImplementation by modular programming in C/C+Support our team in maintaining the code qualityAnalysis, design and implementationUnit TestingRequirements:Excellent knowledge in C/C++ programming language &      development Excellent problem solving & analytical skillsGood understanding of data structures and algorithmsFamiliar with Object Oriented Coding and Design PatternsExperience with IPC, Socket programming, Multithreading (including      race conditions, deadlocks)Soft Skills:Excellent teamworkPeople with very good communication skills and attitude is a MUSTEducation: BE/BTech/ME/MTech/MCAReputed educational institutesRoleOther,Industry TypeSoftware Product,Functional AreaOther,Employment TypeFull Time, PermanentRole CategoryOtherEducationUG :Any GraduateKey Skillsalgorithmsc++Cdata structuresmultithreadingcodingdesign patternsOOPSRace conditionsDeadlocksSkills highlighted with ‘‘ are preferred keyskills"," NETSCOUT SYSTEMS, INC.assures digital business services against disruptions in availability, performance, and security. Our market and technology leadership stems from combining our patented smart data technology with smart analytics. We provide real-time, pervasive visibility, and insights customers need to accelerate and secure their digital transformation. Our approach transforms the way organizations plan, deliver, integrate, test, and deploy services and applications. Our mission is protecting the global leaders of industry from the risks of disruption, allowing them to solve their most challenging network performance and security problems, and ensuring the connected world runs safely and smoothly. To know more about Netscout: Be a Guardian | NETSCOUT video: https://www.youtube.com/watch?v=6RCI2jeuVMQ&list=PLzXhGZRnw_JnSAzMMePZNeRv0s4oVbIE4video series that are each less than 2 min, called One Smart Question: https://www.youtube.com/playlist?list=PLzXhGZRnw_JndnTYYufEh2rz1tJmbwwlcOur YouTube videos are also helpful: https://www.youtube.com/c/NetScoutSystemsInc/featured"
C++ Developer,Parkar Digital2.7(11 Reviews),Not Disclosed,4 - 5 years,"Pune,Ahmedabad","Software Development - Other,","IT services,SAN,C++,PDF,SOC,SMS,Healthcare,MFC,WPF,CRM","['UG :Any Graduate', 'PG :Any Postgraduate']","Software Product,","Engineering - Software & QA,","Full Time, Permanent",Software Development,Websitehttps://parkardigital.zohorecruit.com/jobs/Careers/620109000005065001/C-Developer?source=CareerSite,NA, 2 days ago,https://www.naukri.com/parkar-digital-jobs-careers-6984113?src=jddesktop,https://www.naukri.com/parkar-digital-jobs-careers-6984113?src=jddesktop,"Job description     Responsible for the quality and completeness of assignments, including development, bug fixing, documentation, and general product maintenance.             Taking technical ownership of own deliveries.       Should adhere to delivery schedules.          Strong work ethics and positive attitude to learn new things.             Requirements        Experience with C++ and managed C++/CLI.      Should also have Experience in MFC framework.      Should have hand on Experience in WPF.      Detailed knowledge of Multi threading, Kernel Objects, and Inter Process Communication (IPC).    RoleSoftware Development - Other,Industry TypeSoftware Product,Functional AreaEngineering - Software & QA,Employment TypeFull Time, PermanentRole CategorySoftware DevelopmentEducationUG :Any GraduatePG :Any PostgraduateKey SkillsIT servicesSANC++PDFSOCSMSHealthcareMFCWPFCRM","Parkar Digital is a Hybrid-first company dedicated to hiring, retaining, and developing high-performing employees and teams with diverse backgrounds. We are a digital transformation and software engineering company headquartered in Atlanta, USA, and have our engineering teams across the US, India, and Latin America."
C++ Developer,Parkar Global Technologies2.7(11 Reviews),Not Disclosed,4 - 5 years,"Pune,Ahmedabad","Software Development - Other,","IT services,SAN,C++,PDF,SOC,SMS,Healthcare,MFC,WPF,CRM","['UG :Any Graduate', 'PG :Any Postgraduate']","IT Services & Consulting,","Engineering - Software & QA,","Full Time, Permanent",Software Development,Websitehttps://parkardigital.zohorecruit.com/jobs/Careers/620109000005065001/C-Developer?source=CareerSite,NA, 2 days ago,https://www.naukri.com/parkar-global-technologies-jobs-careers-2572492?src=jddesktop,https://www.naukri.com/parkar-global-technologies-jobs-careers-2572492?src=jddesktop,"Job description     Responsible for the quality and completeness of assignments, including development, bug fixing, documentation, and general product maintenance.              Taking technical ownership of own deliveries.        Should adhere to delivery schedules.           Strong work ethics and positive attitude to learn new things.                Requirements        Experience with C++ and managed C++/CLI.       Should also have Experience in MFC framework.       Should have hand on Experience in WPF.       Detailed knowledge of Multi threading, Kernel Objects, and Inter Process Communication (IPC)     RoleSoftware Development - Other,Industry TypeIT Services & Consulting,Functional AreaEngineering - Software & QA,Employment TypeFull Time, PermanentRole CategorySoftware DevelopmentEducationUG :Any GraduatePG :Any PostgraduateKey SkillsIT servicesSANC++PDFSOCSMSHealthcareMFCWPFCRM",Parkar Global Technologies Pvt Ltd
"Embedded Software - C++, QNX",Knorr Bremse4.1(486 Reviews),Not Disclosed,6 - 9 years,Pune,"Product Development Engineer,","c++,rtos,linux,QT,qnx,multithreading","['UG :B.Tech/B.E. in Electronics/Telecommunication, Computers']","Software Product,","Research & Development,","Full Time, Permanent",Engineering & Manufacturing,"AddressSurvey no. 276,,Village Mann,,Hinjewadi Phase II,T, PUNE, Maharashtra, India",Charushila GoreCompany Recruiter at Knorr-Bremse Technology Center India Pvt. Ltd., 2 days ago,https://www.naukri.com/knorr-bremse-jobs-careers-2193?src=jddesktop,https://www.naukri.com/knorr-bremse-jobs-careers-2193?src=jddesktop,"Job description Strong in C++, QNX/RTOS environment QT(optional)TECHNICAL SKILLSProgramming Languages : C, C++Design : UML( Use cases, Class Diagrams ,Sequence Diagrams)Programming Tools : QT creator, Visual Studio 10, gcc, gdbPlatform : UNIX, Windows and QNXTracking Tools : JIRAGNU-toolchain: GCC, Make, GDBBuid-system: Autotool, Cmake.Version Control Tools : Perforce, Git Repository, Tortoise SVNMust have• Technical team leading/mentoring experience is a must.• Strong C and C++ knowledge• Must worked on QNX/RTOS environment• Strong knowledge of OOPS concept, Data structure, Operating System concepts, Multi-threading, STL• Should have experience in Linux System Programming, Socket Programming, Multi-Threading etc.• Has worked on various phases of SDLC such as Requirement gathering, Analysis, Design and Coding, Unit Testing etc.• Should have experience to work with Waterfall and Agile methodology.• Ability to work individual as well as team and to learn new things quickly• Strong debugging & development skills using C/C++ language on both platform Unix/Windows.RoleProduct Development Engineer,Industry TypeSoftware Product,Functional AreaResearch & Development,Employment TypeFull Time, PermanentRole CategoryEngineering & ManufacturingEducationUG :B.Tech/B.E. in Electronics/Telecommunication, ComputersKey Skillsc++rtoslinuxQTqnxmultithreadingSkills highlighted with ‘‘ are preferred keyskills"," Knorr-Bremse Technology Center India (KBTCI) is a dedicated technology center to cater to the Research & Development requirements of the Knorr-Bremse Group companies and to support development of best in class mechanical and electronic products for Rail and Truck Vehicle Systems.KBTCI is co-located alongside the new Commercial Vehicle Systems production plant in Pune. In order to benefit from synergies, the mechanical, electronics and software development for Rail and Truck is housed in the same facility."
C++ Developers,Volantis Technologies4.1(13 Reviews),"₹ 4,25,000 - 7,00,000 P.A. ",4 - 6 years,Pune,"Software Development - Other,","CMake,c++,Coding,CI/CD,Cicd Pipeline,Development,Jira,ClearCase / GIT /SVN / GitLab CI,Buildroot,Systemd","['UG :B.Sc in Any Specialization, B.Tech/B.E. in Any Specialization, BCA in Any Specialization']","Engineering & Construction,","Engineering - Software & QA,","Full Time, Permanent",Software Development,"Address2ND FLOOR, NO 940, 16TH MAIN, BTM 2ND STAGE, Bengaluru (Bangalore) Urban, BANGALORE, Karnataka, India",NA, 7 days ago,https://www.naukri.com/volantis-technologies-jobs-careers-3552950?src=jddesktop,https://www.naukri.com/volantis-technologies-jobs-careers-3552950?src=jddesktop,"Job description C++ Developers with hands-on CI/CD knowledgeExp :: 4+ yearsLocation :: Pune             Bachelors Degree in engineering – EEE / ECE / E&I.            Minimum 4+ years of relevant working experience in SW application development.            Must have good experience in C++ coding skills, Jenkins Ci/CD pipeline development.            Experience in Version Control knowledge on any tools such as ClearCase / GIT /SVN / GitLab CI.            Experience in Jira, Buildroot, Systemd, CMake.            Excellent understanding of embedded domain (especially Linux based systems) is considered a plus.d Responsibilities RoleSoftware Development - Other,Industry TypeEngineering & Construction,Functional AreaEngineering - Software & QA,Employment TypeFull Time, PermanentRole CategorySoftware DevelopmentEducationUG :B.Sc in Any Specialization, B.Tech/B.E. in Any Specialization, BCA in Any SpecializationKey SkillsCMakec++CodingCI/CDCicd PipelineDevelopmentJiraClearCase / GIT /SVN / GitLab CIBuildrootSystemdSkills highlighted with ‘‘ are preferred keyskills","Volantis Technologies Pvt. Ltd. is a Professional Service, IT Consulting and Workforce Management Company (ISO 27001:2013 certified and CMMi Level 3) offering services and solutions to various verticals of Industries.  Volantis is a 16 Years old company providing services to MNC/Fortune 500 customers in PAN INDIA, established in 2006.  Volantis Technologies belongs to a Group of Companies with diverse business verticals into IT Services and Solutions, Products, Professional Services, Real Estate and Property Development. Volantis has unique strengths in ensuring timely and reliable delivery of Workforce Management Solutions to its varied clients, across verticals, best suited to their specific needs. We are a professionally managed company comprising highly skilled professionals, providing Recruitment and Staffing services in the IT and Non - IT Sector specialized in different domains. For more details, please login to www.volantis.com"
Technical Analyst- Technical Support on C/C++/Shell/Perl Python,FlexTrade3.2(14 Reviews),Not Disclosed,2 - 7 years,Pune,"Software Development - Other,","technical support,C++,Perl / Shell Scripting,Data Structures,Python",['UG :Any Graduate'],"Software Product,","Engineering - Software & QA,","Full Time, Permanent",Software Development,Websitehttps://flextrade.com,NA, 7 days ago,https://www.naukri.com/flextrade-jobs-careers-1073038?src=jddesktop,https://www.naukri.com/flextrade-jobs-careers-1073038?src=jddesktop,"Job description The Team-We are actively seeking candidates for a unique opportunity to join a growing team working with our products and solutions for stocks, derivatives and foreign exchange markets. The role presents an excellent opportunity to gain experience with cutting-edge technology and financial markets around the globe. We have a dynamic, fast-paced and friendly working environment.As a Technical Analyst, you will be part of our Client Services team and will be responsible for assuring high standards of technical services delivered to the customers using FlexTrades products and solutions. You will get to interact with customers, development teams and QA teams, understand the business and design aspects of the solutions.About You-You are good at both client-facing and technical aspects to provide a high-quality technical relationship between our clients and the Client Services team:Relationship Management:You love to liaise with clients directly to define and understand business and workflow requirementsYou know how to manage client expectationsYou act as primary technical contact to allocated clients for new requirements, support and project deliverables.Support:You respond to reports of problems via phone and emailYou are good at troubleshooting and investigating in order to create appropriate solutions to immediate problems.You provide periodic updates about investigations to the clients. Publish RCA notes upon conclusion of investigation.You can collaborate with development & QA teams to get application defects fixed. Apply patch releases into UAT & Prod environments. Communicate release notes to the clients and other relevant parties.You are comfortable with morning shifts starting 8am on rotational basisYou can work occasional bank/public holiday cover and weekend work may be required.Implementation and design:You can formulate the business and workflow requirements into technical solutionsYou use technical design and development skills to resolve complex problems across many differentplatforms. Build tools and scripts in shell scripts/perl/python/C++ etc. to automate or assist inmaintenance and implementation of the systems.You can work alongside developers throughout the firm to design, build, test and deploy custom solutionsYou know how to on-board client and broker connections to our FIX networkYou love to implement and test new FX liquidity providers onto the FlexTrade liquidity aggregation engineYou work with teams across the firm to continually improve the product and drive future innovation.Required:The suitable candidate should have following skills-Bachelors (or higher) degree in Engineering/Technology or equivalent acceptable industry certification.Experience in client interaction and support role for a duration ranging between 2-5 years.Technical expertise and a desire to improve in the following technologies: Linux/Unix, Shell-scripting, Perl/Python, C, C++.Good communication skills (written & oral), ability to communicate confidently and concisely to both  business and technical experts – from clients and colleagues.Excellent problem-solving skills and the ability to communicate solutions.Ability to occasionally build solutions using Shell scripts/Perl/Python or C++ to address problems while supporting/maintaining the systems.Well-organised work habits with attention to details.Ability to work under pressure while remaining calmPositive & passionate work attitude, motivated and result-oriented.Working experience with EMS/ OMS/ Trading platform development projects in either/all of the following domains will be advantageous: Capital Markets (Equity, Derivatives), OTC/Listed Foreign Exchange (FX) Markets.Prior exposure with the following will be considered as an advantage: FIX protocol, concepts of Algorithmic Trading.RoleSoftware Development - Other,Industry TypeSoftware Product,Functional AreaEngineering - Software & QA,Employment TypeFull Time, PermanentRole CategorySoftware DevelopmentEducationUG :Any GraduateKey Skillstechnical supportC++Perl / Shell ScriptingData StructuresPythonSkills highlighted with ‘‘ are preferred keyskills"," FlexTrade Systems is an IT product-based company global leader in high performance multi-asset execution management and order management systems for equities, fixed income, foreign exchange, futures, and options. A pioneer in the field, FlexTrade is internationally recognized for introducing FlexTRADER, the world’s first broker-neutral, execution management trading system, which allows clients to completely control and customize their execution workflows through a comprehensive ability to search/access liquidity while maintaining the confidentiality of their trading strategies."
Hiring For C++ Developer,Agiliad Technologies4.2(72 Reviews),Not Disclosed,2 - 6 years,"Noida,Pune,Chennai,Bangalore/Bengaluru","Software Development - Other,",C++,"['UG :Any Graduate', 'PG :Any Postgraduate']","IT Services & Consulting,","Engineering - Software & QA,","Full Time, Permanent",Software Development,"AddressOFFICE NO. 101,1st,GODREJ CASTLEMAINE,42 SASOON RO, AD,NEXT TO RUBY HALL CLINIC, PUNE, Maharashtra, India",NA, 1 day ago,https://www.naukri.com/agiliad-technologies-jobs-careers-1006558?src=jddesktop,https://www.naukri.com/agiliad-technologies-jobs-careers-1006558?src=jddesktop,"Job description 2-6 years of experience on C++ developmentExpert in coding with best practices while developing code in C++Good to have exposure to VC++/MFC developmentMust have development experience in windows based environmentMust have experience on object-oriented analysis and design (OOA and OOD)Must have good knowledge of design patternsMust have good knowledge of software life cycle and architectureMust have good knowledge on data structure and algorithms.Must have excellent analytical and problem-solving skillsMust be aware of Agile methodologyGood to have experience working on Medical Devices or Health care domainRoleSoftware Development - Other,Industry TypeIT Services & Consulting,Functional AreaEngineering - Software & QA,Employment TypeFull Time, PermanentRole CategorySoftware DevelopmentEducationUG :Any GraduatePG :Any PostgraduateKey SkillsC++Skills highlighted with ‘‘ are preferred keyskills"," Agiliad is an engineering and R&D house and provide product design services globally to hi-tech companies. We have a strong domain focus in medical devices, Storage, Cloud and Computing platforms, and Industrial Automation.  We are a niche company with 700+ highly skilled engineers.   The company name Agiliad is made up of two words: Agility (quick response) and Iliad (heroic efforts).   We pride ourselves on our agility to adapt seamlessly to new market needs, customer requirements or technological change, and thrive in an environment of constant change.  We endeavour to work on complex and challenging systems and engineering problems and where possible create a meaningful difference by focusing on critical needs.   Some of the key points why someone should look at Agiliad:  •	Highly differentiated product engineering service provider •	Opportunity to work on some exciting technologies... we work all the way from board design, embedded systems to application development. •	Focus is to build high impact smaller teams. •	Very intense environment, execution focus, most of the projects follow Agile development. "
C++ Linux Developer / Sr Developer,Tata Elxsi4.1(1000 Reviews),Not Disclosed,2 - 7 years,"Hyderabad/Secunderabad,Pune,Calicut/Kozhikode,Chennai,Bangalore/Bengaluru,Trivandrum/Thiruvananthapuram","Software Development - Other,","C++,Linux,OOPS",['UG :Any Graduate'],"IT Services & Consulting,","Engineering - Software & QA,","Full Time, Permanent",Software Development,Websitehttps://www.tataelxsi.com/about-us,Greeshma Anil SRecruitment Executive at Tata Elxsi, 4 days ago,https://www.naukri.com/tata-elxsi-jobs-careers-1533?src=jddesktop,https://www.naukri.com/tata-elxsi-jobs-careers-1533?src=jddesktop,"Job descriptionRoles and Responsibilities Very good understanding of Object Oriented ConceptsExperience in the design and development of C++ based software on Linux PlatformExperience with C++ 11/C++14 versionsFamiliarity with dbus, glib, systemd etc.Experience with Linux development toolchain, debugging tools like GDB etc.RoleSoftware Development - Other,Industry TypeIT Services & Consulting,Functional AreaEngineering - Software & QA,Employment TypeFull Time, PermanentRole CategorySoftware DevelopmentEducationUG :Any GraduateKey SkillsC++LinuxOOPSSkills highlighted with ‘‘ are preferred keyskills","Tata Elxsi is amongst the world’s leading providers of design and technology services across industries including Automotive, Broadcast, Communications, Healthcare, and Transportation.Tata Elxsi is helping customers reimagine their products and services through design thinking and the application of digital technologies such as IoT (Internet of Things), Cloud, Mobility, Virtual Reality, and Artificial Intelligence.https://www.tataelxsi.com/about-us"
Firmware Engineer - C/C++,Vicara,Not Disclosed,2 - 5 years,"Kolkata,Mumbai,Hyderabad/Secunderabad,Pune,Chennai,Ahmedabad,Delhi / NCR,Bangalore/Bengaluru","Firmware Developer,","Firmware Engineering,DSP,C++,C,schematic design,UART,nRF52,Dialog Semiconductors,BLEWiFi,AI/ML,STM32,PCB layout,Python,microcontrollers","['UG :B.Tech/B.E. in Any Specialization, B.Sc in Any Specialization, BCA in Any Specialization', 'PG :Any Postgraduate', 'Doctorate :Doctorate Not Required']","IT Services & Consulting,","Engineering - Hardware & Networks,","Full Time, Permanent",Hardware,Address.,NA, 5 days ago,https://www.naukri.com/premium-jobs-careers-28629?src=jddesktop,https://www.naukri.com/premium-jobs-careers-28629?src=jddesktop,"Job descriptionJob Brief :We are looking for an analytical, results-driven Firmware Engineer. You would be required to have a keen eye for developing firmware with a low memory footprint and low power consumption while being robust and resistant to errors. You are expected to achieve these goals using your in-depth understanding of the programming language, compilers, microcontroller architectures and debugging tools. You are expected to keep a look out for upcoming advancements in the industry which will help optimize the product.To succeed as a Firmware Engineer, you should be focused on building a better, more efficient firmware while being able to navigate through obscure datasheets and sparsely documented vendor SDKs. This requires you to always be curious, collaborative and motivated.Main Responsibilities :Your responsibilities will include :- Would be asked to write efficient, modular and robust firmware which will interface with multiple components like MEMS sensors, battery chargers, secondary microcontrollers etc.- Writing clean, readable, and modular code- Would be deeply involved in the schematic design for a product which includes cost-benefit analysis of components, component evaluation by designing a proof of concept, suggestions in how the components should be connected etc.- Collaborate with software engineers who would develop companion applications to the productKey Requirements :- 2+ years in developing firmware using C\C++- Should have worked with a ARM Cortex M series device like STM32, nRF52 etc- Familiar with basic data structures like linked lists, queues, trees etc.- Should be able to compile and link source code with static libraries without using an IDE- Basic knowledge of microcontrollers peripherals like UART, I2C, SPI, ADC etc.Optional Requirements :- Worked with communications protocols like BLEWiFi- Experience is PCB layout and schematic design- Familiar with Python- Worked with equipment like logic analyzers, oscilloscopes etc.- Worked on microcontrollers from Dialog Semiconductors, Nordic Semiconductors, STMicroelectronics, Espressif etc.- Worked on projects involving DSP, AIMLRoleFirmware Developer,Industry TypeIT Services & Consulting,Functional AreaEngineering - Hardware & Networks,Employment TypeFull Time, PermanentRole CategoryHardwareEducationUG :B.Tech/B.E. in Any Specialization, B.Sc in Any Specialization, BCA in Any SpecializationPG :Any PostgraduateDoctorate :Doctorate Not RequiredKey SkillsFirmware EngineeringDSPC++Cschematic designUARTnRF52Dialog SemiconductorsBLEWiFiAI/MLSTM32PCB layoutPythonmicrocontrollersSkills highlighted with ‘‘ are preferred keyskills",Vicara is a hardware startup specializing in Immersive Interaction Devices and Motion & Gesture Tracking. Vicara is building the next generation of Interaction Devices for the Immersive Digital World.
Hiring Alert || C++ Developer || Teamlease Digital Pvt Ltd,TeamLease4.0(1878 Reviews),"₹ 7,00,000 - 11,00,000 P.A. ",4 - 7 years,"Pune,Bangalore/Bengaluru","Embedded Systems Engineer,","c++,embedded c,firmware development",['UG :Any Graduate'],"Recruitment / Staffing,","Engineering - Software & QA,","Full Time, Temporary/Contractual",Software Development,"AddressTeamLease Digital Pvt Ltd.

315 Work Avenue Campus, No-77, Ascent Building, 2nd Floor

Koramangala Industrial Layout, Jyothi Nivas College Road,

Koramangala , Bangalore 560095

Board line: 08067995599, Fax :- 080-68243003",Bhagyashri KammarCompany Recruiter at Teamlease Servcies limited, 5 days ago,https://www.naukri.com/teamlease-jobs-careers-1499?src=jddesktop,https://www.naukri.com/teamlease-jobs-careers-1499?src=jddesktop,"Job descriptionRoles and Responsibilities  Client: L&TPosition: Embedded DeveloperExp: 4-7 YearsLocation: Pune, BangaloreSkills: Embedded C/C++/Firmware Developer /RTOSResponsibilities:(1).The scope of the role is cantered on development and testing. Responsibilities include understanding customer requirements, preparing design documents, implemention and testing.(2). Expert in Embedded-C and C++(3) Experience with RTOS(4). Proficient in microcontroller/processor programming/board bring up(5). Knowledge in code optimization, peripherals such as UARTs, A/D & D/A converters,I2C,SPI, timers, PWM, DMA,  CAN,USB(6). Experience with static and dynamic code analysis and code coverage(7). Experience with various build tools(8). Experience in regulated environments, Class II/III medical device development is a plus(9). Affinity with and experience in Agile software developmentRoleEmbedded Systems Engineer,Industry TypeRecruitment / Staffing,Functional AreaEngineering - Software & QA,Employment TypeFull Time, Temporary/ContractualRole CategorySoftware DevelopmentEducationUG :Any GraduateKey Skillsc++embedded cfirmware developmentSkills highlighted with ‘‘ are preferred keyskills","About Us: A Fortune India 500 company listed on the NSE & BSE, TeamLease has hired 18 lakh+ people over the last 19 years and has 2 lac+ open jobs everyday. One of Indias fastest growing employers, TeamLease also operates India’s first Vocational University and India’s fastest growing PPP National Apprenticeship Program. The company offers solutions to large, medium and small clients across the 3Es of employment (1.7 lakh+ employees), employability (2 lakh+ students) and Ease-of-doing Business (1000+ employers).TeamLease Digital has hired over 80,000+ professionals since its inception, has over 7,300+ associates currently deployed with 150+ Fortune 500 clients and has over 7,000+ open jobs every day. TeamLease Digital has been creating business impact for its clients by matching their needs with best resources available in the market, in a quick and cost efficient way, and having one of the best professional hiring engines in the staffing industry, a leadership team comprising industry veterans, sturdy finances, and a pan-India presence, has made the company their preferred partner and, a leader in the industry. With a purpose of ‘Putting India to Work’, TeamLease Digital is committed to be part of the growth story of the technology sector and people of India."
C++ Developer - Cybage Software - Pune,Cybage4.0(1195 Reviews),Not Disclosed,2 - 6 years,Pune( Kalyani Nagar ),"Software Development - Other,","c++,design patterns,programming,c,sql database",['UG :Any Graduate'],"IT Services & Consulting,","Engineering - Software & QA,","Full Time, Permanent",Software Development,"AddressSurvey No.13A,1,2,3,,Cybage Towers,Wadgaon Sheri,M, PUNE, Maharashtra, India",NA, 6 days ago,https://www.naukri.com/cybage-jobs-careers-2065?src=jddesktop,https://www.naukri.com/cybage-jobs-careers-2065?src=jddesktop,"Job description Experience: 2.6 to 6 YearsNotice period: Immediate to 45 DaysSkillset: Good Knowledge on C coding, SQL and Database Management, ABAP Development Programming, Process Builder, Workflows, Data Loader, Approval Processes, Validation Rules, Custom ObjectsSTL knowledge, design patterns, Threading knowledge, Inter process communication, Remote De-bugging skillsRoleSoftware Development - Other,Industry TypeIT Services & Consulting,Functional AreaEngineering - Software & QA,Employment TypeFull Time, PermanentRole CategorySoftware DevelopmentEducationUG :Any GraduateKey Skillsc++design patternsprogrammingcsql databaseSkills highlighted with ‘‘ are preferred keyskills","About Cybage:Founded in 1995, Cybage Software Pvt. Ltd., a technology consulting organization is a leader in the hi-tech and outsourced product engineering space. We are a valued partner to technology startups, mid-size companies, and Fortune 500 corporations alike. Our solutions are focused on modern technologies, and are enabled by a scientific, data-driven system called the ExcelShore® Model of Operational Excellence.Cybage has a highly skilled talent pool of more than 6,200 employees and a marked presence in North America, UK, Europe, Japan, Australia, and Singapore. We provide seamless services and dependable deliveries to our clients from diverse industry verticals such as Media and Entertainment, Travel and Hospitality, Online Retail, Healthcare and Life Sciences, and Technology. Cybage has seven defined technology focused CoEs€”eCommerce, Enterprise Mobility, Customer Relationship Management, Business Intelligence, Enterprise Content Management, Cloud Computing and Supply Chain Management. We would like to invite charismatic achievers to join its winning team of more than 6,200 professionals to soar beyond the boundaries of success. For more information, log on to www.cybage.com A few of our achievements are listed below:€¢	Ranked 8th in Best IT Employer by Dataquest in Best Employers Survey- India€¢	Ranked  34 in IAOP 2014 Global Outsourcing 100 List€¢	Among the top 100 Global services 100 list - Defining Leadership in Global IT and Business Process Outsourcing€¢	Ranked as a €Leader€ in the Consumer Software and Enterprise Software categories. This ranking is a testimony of our capabilities of being a leading software solution provider in both the consumer software as well as the enterprise software space. €¢	Ranked as 15th €Dream Companies to Work for€ in 2014 by World HRD Congress and Bloomberg TV.€¢	Conferred the Asian outsourcing Excellence Awards in the following categories at the CMO Asia Awards ceremony:1.	Use of Technology for Operational Excellence2.	Outsourcing service provider of the year€¢	Cybage has been ranked as an €Established Leader in Niche verticals€ in a survey conducted by Zinnov Consulting."
Apexon | Permanent Job | Embedded C/C++ Developer|Bangalore&Pune,Apexon3.6(98 Reviews),Not Disclosed,2 - 7 years,"Pune,Bangalore/Bengaluru","Back End Developer,","Linux,Microcontroller,Developer,Embedded,Driver programming,CAN,embedded C,embedded c++,Embedded Programming",['UG :Any Graduate'],"IT Services & Consulting,","Engineering - Software & QA,","Full Time, Permanent",Software Development,NA,KiruthigaCompany Recruiter at Apexon, 6 days ago,https://www.naukri.com/apexon-jobs-careers-209583?src=jddesktop,https://www.naukri.com/apexon-jobs-careers-209583?src=jddesktop,"Job descriptionWe are looking for Firmware Developer. Responsible for the software design, development, good communication skills to work with cross-functional team, Adaptable to changing requirement with short delivery plan, Should be able to lead with example to ensure on-time delivery with good quality of work products. Below is the Job Description and if you are interested in, please share your updated resume to kiruthiga.amirthalingam@apexon.com. Desired Candidate Profile: 1. 2 - 8 years of SW Design and Development Experience [Mandatory]. 2. Expert in preparing architecture / design from problem statement Design experience in embedded Linux Internals [Mandatory]. 3. Very good in writing software for embedded systems using Embedded C/C++ language and Knowledge on Python [Mandatory]. 4. Working knowledge on Containerization and dockers in Linux [Mandatory] 5. Working knowledge on MQTT, and gRPC (Remote procedure call) 6. Expert knowledge on automotive communication protocols - J-1939, CAN. 7. Working knowledge in ARM architecture, and on Linux internals and device drivers. 8. Exposure to complete product development lifecycle management 9. Good knowledge on Object oriented design methodologies 10. Excellent analytical skills and problem-solving skills RoleBack End Developer,Industry TypeIT Services & Consulting,Functional AreaEngineering - Software & QA,Employment TypeFull Time, PermanentRole CategorySoftware DevelopmentEducationUG :Any GraduateKey SkillsLinuxMicrocontrollerDeveloperEmbeddedDriver programmingCANembedded Cembedded c++Embedded ProgrammingSkills highlighted with ‘‘ are preferred keyskills"," Apexon is digital-first technology services firm having   its strong presence in Digital space with three broad areas of digital   services: User Experience (UI/UX, Commerce); Engineering (QE/Automation,   Cloud, Product/Platform) and Data (Foundation, Analytics, and AI/ML)   since last 2 decades catering industries like Healthcare, Life Science,   BFSI, High Tech and Automotive. We are heading fast towards our vision   with the help of around 6500 hearts and minds in this journey. We are a   vibrant global community spread across 19 locations ( https://www.apexon.com/about/contact-us/   )around the world including most of the major Tier1 cities in India. Apexon   is strongly backed by Goldman Sachs Asset Management and Everstone Capital.   Request you to go through our website portal ( Experience, Digital Engineering and Data   Solutions by Apexon ),    LinkedIn page and our other Social Media pages to know more about us. (43) Apexon: My   Company | LinkedIn We enable #HumanFirstDIGITAL INDUSTRIES   : - HEALTHCARE & LIFE SCIENCES / BANKING, FINANCIAL SERVIES &   INSURANCE / HIGH TECH / RETAIL / MANUFACTURING / TELECOM / AUTOMOTIVE Read about our finest work and projects - our   key success stories in digital engineering - Digital   Engineering Success Stories - Apexon Website - https://www.apexon.com/ - Do visit us here to know more about   us.   Globally Established  We have more than 10 locations in India and Abroad . Contact Us: Our Contact Numbers, Location, Offices -   Apexon   Follow for Latest Update - https://www.linkedin.com/company/apexon/mycompany/"
Hiring For C++ Developer- Linux Platform,Agiliad Technologies4.2(72 Reviews),Not Disclosed,2 - 7 years,"Noida,Pune,Chennai,Bangalore/Bengaluru","Software Development - Other,","C++,Linux","['UG :Any Graduate', 'PG :Any Postgraduate']","IT Services & Consulting,","Engineering - Software & QA,","Full Time, Permanent",Software Development,"AddressOFFICE NO. 101,1st,GODREJ CASTLEMAINE,42 SASOON RO, AD,NEXT TO RUBY HALL CLINIC, PUNE, Maharashtra, India",NA, 1 day ago,https://www.naukri.com/agiliad-technologies-jobs-careers-1006558?src=jddesktop,https://www.naukri.com/agiliad-technologies-jobs-careers-1006558?src=jddesktop,"Job descriptionExperience- 2-7 yearsJob-Description: Must have experience in C++Must have expertise in STL, multi-threading, data structures and algorithms.Must have experience in C++ LinuxMust have extensive hands-on programming experience.Must have knowledge of software debugging and profiling tools.Must have experience in inter-process communication like shared memory, UDP, TCP, sockets.Must have good mathematical, analytical and communication skills.Must be proactive and good in communication. RoleSoftware Development - Other,Industry TypeIT Services & Consulting,Functional AreaEngineering - Software & QA,Employment TypeFull Time, PermanentRole CategorySoftware DevelopmentEducationUG :Any GraduatePG :Any PostgraduateKey SkillsC++LinuxSkills highlighted with ‘‘ are preferred keyskills"," Agiliad is an engineering and R&D house and provide product design services globally to hi-tech companies. We have a strong domain focus in medical devices, Storage, Cloud and Computing platforms, and Industrial Automation. We are a niche company with 700+ highly skilled engineers. The company name Agiliad is made up of two words: Agility (quick response) and Iliad (heroic efforts). We pride ourselves on our agility to adapt seamlessly to new market needs, customer requirements or technological change, and thrive in an environment of constant change. We endeavour to work on complex and challenging systems and engineering problems and where possible create a meaningful difference by focusing on critical needs. Some of the key points why someone should look at Agiliad: • Highly differentiated product engineering service provider • Opportunity to work on some exciting technologies... we work all the way from board design, embedded systems to application development. • Focus is to build high impact smaller teams. • Very intense environment, execution focus, most of the projects follow Agile development."
L1/L2 Network Engineer (C/C++ Development)-MSys Technologies,MSys Technologies4.1(58 Reviews),"₹ 6,00,000 - 16,00,000 P.A. ",5 - 10 years,"Kolkata,Pune,Chennai,Bangalore/Bengaluru","Back End Developer,","Protocols,C,L1,Data Structures,L2,Protocol Stack,Networking,LTE,Protocol Development,physical Layer",['UG :Any Graduate'],"IT Services & Consulting,","Engineering - Software & QA,","Full Time, Permanent",Software Development,Websitewww.msys-tech.com,kalpanaCompany Recruiter at MSys Tech India Pvt. Ltd., 6 days ago,https://www.naukri.com/msys-technologies-jobs-careers-620175?src=jddesktop,https://www.naukri.com/msys-technologies-jobs-careers-620175?src=jddesktop,"Job descriptionJob Description: Transceiver/Optics/DAC/AOC skill sets and work scope Mandatory Requirements  Expert in C C++ programming and data structures  Experience in working with different types of transceivers (SFP, SFP+, QSFP, SFP28, QSFP28 etc.)  and cables (AOC, DACs etc.) along with the knowledge of EEPROM and MSA standards.  Experience in physical layer (Layer-1) and its software driver development  Exposure on different PHY and MAC drivers.  Experience working on I2C, GPIO, MDIO, Interrupts Knowledge Area and skills  Transceivers types, MSA standards and I2C interface (including driver and the I2C device tree  architecture)  Transceiver EEPROM memory map definitions and registers.  Physical layer, MAC, PHY and ASIC interfaces, different IEEE Ethernet standards.  Experience in working with PHY and ASIC SDKs   Experience in working with OVSDB. Desired Skills  Networking product development  Linux based software applications and development environment  Exposure to board bring up and diagnostics.  Working experience with different IO control devices like FPGA, EPLD etc. Scope of the work 1. Platform Independent (PI) a. PI is generic code that covers most aspect of software state machine for the transceivers b. Transceiver Initialization, Identification, Validation (HPID). c. Tuning and enablement/disablement of transceiver based on type. d. Optical transceiver laser management and DOM 2. PD  PMD a. FPGA, I2C, SIO i. Different HW architectures to control and report transceiver signals. ii. Transceiver detection and hot-swap infra. iii. MISC HW interfaces to BSP for EEPROM access iv. Transceiver interrupts 3. L1 a. ASIC SDK interaction. b. Platform L1 PD based on ASIC family. c. PHY drivers. 4. Enablement of existing transceiver on a new platform  a. Involves PI work b. YAML and support list update for new platform. 5. Enablement of new transceivers on existing platform a. Potentially PI work and depending on the type of transceiver there may be PD work as  wellb. Identification and validation updates per new transceiver EEPROM memory map  scheme. c. Above items listed in PI. 6. Enablement of new transceiver and new platform  a. A summation of both above b. Depending on HW interface to XCVR may involve extra PD work or new PD  implementation. 7. Hardware Specific a. Hardware Specification b. Hardware Schematics and IO documents c. HW Interface definition for the interface used to XCVR signal management. d. BSP drivers (I2C, IO control) e. HW interface updates (FEPLD, CPLD or FPGA, VCB etc.) 8. HW Testing and Qualification a. Owned by HW team on the selected platforms b. Interface tuning c. Parametric testing 9. Transceiver qualification  a. Transceiver I2C conformance etc.RoleBack End Developer,Industry TypeIT Services & Consulting,Functional AreaEngineering - Software & QA,Employment TypeFull Time, PermanentRole CategorySoftware DevelopmentEducationUG :Any GraduateKey SkillsProtocolsCL1Data StructuresL2Protocol StackNetworkingLTEProtocol Developmentphysical LayerSkills highlighted with ‘‘ are preferred keyskills","About MSys :We have a unique way of doing things - the MSys Way. Its how we innovate, collaborate, operate and deliver value for our clients. MSys is an innovator in offering IT services and domain specific automation software. MSys together with its unparalleled focus and in-depth technical expertise delivers unprecedented value at an affordable cost in the areas of storage, servers, DR/BC, and virtualization. Apart from services, MSys also offers enabler products including evolutionary end-to-end domain specific software solutions for test automation to its customers. Driven by the vision to be at the core of the evolution in the industry, MSys strives to become a transformational agent. The transformational agent brings constructive changes to their customers and delivers value-added software and business processes."
C/C++ Developer,Fujitsu4.1(1108 Reviews),Not Disclosed,5 - 10 years,Pune,"Back End Developer,","C,C developer",['UG :Any Graduate'],"IT Services & Consulting,","Engineering - Software & QA,","Full Time, Permanent",Software Development,"AddressA-15, MIDC Technology Park, PUNE, Maharashtra, India",Aditya GautamAssociate HR Adviser at Fujitsu Consulting India Pvt. Ltd., 5 days ago,https://www.naukri.com/fujitsu-jobs-careers-65013?src=jddesktop,https://www.naukri.com/fujitsu-jobs-careers-65013?src=jddesktop,"Job descriptionA qualified candidate should have 5 - 11 years of experience with the following: - C, C++ expertise with development skills - Must have a Bachelors Degree or higher in Computer Science discipline(Optional) - Significant knowledge of end to end software Embedded/Application development life cycle - Strong problem-solving skills - Good Leadership skills - Solid communication skills in English, both orally and in writing - Highest level of personal and professional integrity. Please mention if you have any experience on RDBMS Skill as well.Below Skills are added advantage 1.Ansible2.Jenkins3.Linux4. Experienced in working with a global team.If you are interested kindly fill the following details and drop mail to priya.jagadale@fujitsu.com along with Resume to schedule Further rounds:Name:Mob No:Email id:Current Location:Interested to Pune location(Yes/No):Total Exp:Relevant Exp:Current CTC:Expected CTC:Notice Period:Current Company:Availability for Interview:Regards,Fujitsu HRRoleBack End Developer,Industry TypeIT Services & Consulting,Functional AreaEngineering - Software & QA,Employment TypeFull Time, PermanentRole CategorySoftware DevelopmentEducationUG :Any GraduateKey SkillsCC developer","Fujitsu Consulting India Pvt. Ltd.Fujitsu is the leading Japanese information and communication technology (ICT) company, offering a full range of technology products, solutions, and services. Approximately 155,000 Fujitsu people support customers in more than 100 countries. We use our experience and the power of ICT to shape the future of society with our customers. Fujitsu Limited (TSE: 6702) reported consolidated revenues of 4.5 trillion yen (US $40 billion) for the fiscal year ended March 31, 2017. For more information, please see http://www.fujitsu.com.Did You Know?Fujitsu is the world€™s fifth-largest IT services provider and No.1 in Japan.Fujitsu is among the world€™s top five providers of servers.FORTUNE named Fujitsu as one of the World€™s Most Admired Companies in 2013.Fujitsu Group holds about 97,000 patents worldwide.Fujitsu is part of the Dow Jones Sustainability Indexes (World), FTSE4Good Index Series, and Oekom research.Newsweek ranks us as the seventeenth most eco-conscious company in the world. (Newsweek€™s Green Rankings).Why Fujitsu? - Our Japanese heritage and a culture of applying the Sense and Respond approach to understand the client's problem and respond in a flexible, reliable way- Measurable business benefit: every change we make is focused on the value it adds to the business- Close collaboration: we quickly determine your business' critical applications requirements, then apply the insights and expertise that have made us a market leader in IT Infrastructure provision- We can take your applications to the cloud: we deliver application solutions into the Enterprise Cloud underpinned by Iaas; our secure, reliable, high-performance cloud computing service- Our global reach enables us to deliver IT services around the world and is underpinned by one of the largest global IT infrastructures- Global Delivery Centers support our clients in more than 20 languages and with a local presence in 70 countries- Innovative services to support your organization's unique and complex IT challenges"
C++ Developers - Pune,Leinex Consulting,"₹ 12,00,000 - 22,00,000 P.A. ",2 - 7 years,Pune,"Software Development - Other,","C ++,CPP,c+,C Plus Plus,c++ plus","['UG :B.Tech/B.E. in Any Specialization', 'PG :M.Tech in Any Specialization']","IT Services & Consulting,","Engineering - Software & QA,","Full Time, Permanent",Software Development,NA,NA, 2 days ago,https://www.naukri.com/leinex-consulting-jobs-careers-1323176?src=jddesktop,https://www.naukri.com/leinex-consulting-jobs-careers-1323176?src=jddesktop,"Job descriptionYou should be highly motivated with strong will / skill set for CAD product development and to debug and understand existing code (C++)You must be an engineering graduate preferably from Mechanical or Computer Science related streamYou should have 2 - 9 Years of experience in C++ DevelopmentYou must have good feel for Maths & GeometryGood communication skillsYou are expected to have excellent Analytical & problem solving skills & should possess high learnabilityGood in documentationRequired Candidate profileGraduation in BE/BTECH/ME/MTECH from CSE/IT/Mechanical/CIVIL/ Aero/Metal and similar with 60% through out in all No gap during education60% & above in SSC & HSC/DiplomaRoleSoftware Development - Other,Industry TypeIT Services & Consulting,Functional AreaEngineering - Software & QA,Employment TypeFull Time, PermanentRole CategorySoftware DevelopmentEducationUG :B.Tech/B.E. in Any SpecializationPG :M.Tech in Any SpecializationKey SkillsC ++CPPc+C Plus Plusc++ plusSkills highlighted with ‘‘ are preferred keyskills","It is a European software company headquartered in France; and is the global leader in CAD, PLM software, 3D design, 3D digital mock-up products. A few of their flagship, legacy Software Products are used by Defense, Aviation, Automobile, Manufacturing, Retail & other various industries today. Working with them is more than a Job - it is a passion for excellence and innovation that connects their brand across 179 offices worldwide with 64 + R&D Labs. An eclectic mix of nationalities, cultures, creative talents and technical experts converge to create the World class Products.Forbes has ranked them #48 in the list of World's top Most Innovative Companies."
